data,category,region,uf,volume
12/2016,ENGRENAGENS E SISTEMAS CIRCULATÓRIOS,NORDESTE,BA,58045
12/2016,ENGRENAGENS E SISTEMAS CIRCULATÓRIOS,SUDESTE,MG,121440
12/2016,ENGRENAGENS E SISTEMAS CIRCULATÓRIOS,SUDESTE,MG,620
12/2016,ENGRENAGENS E SISTEMAS CIRCULATÓRIOS,SUL,PR,8804
12/2016,ENGRENAGENS E SISTEMAS CIRCULATÓRIOS,SUDESTE,RJ,3927364
12/2016,ENGRENAGENS E SISTEMAS CIRCULATÓRIOS,SUDESTE,RJ,647027
12/2016,ENGRENAGENS E SISTEMAS CIRCULATÓRIOS,SUL,RS,90887
12/2016,ENGRENAGENS E SISTEMAS CIRCULATÓRIOS,SUDESTE,SP,615
12/2016,ENGRENAGENS E SISTEMAS CIRCULATÓRIOS,SUDESTE,SP,581081
12/2016,ENGRENAGENS E SISTEMAS CIRCULATÓRIOS,SUDESTE,SP,121073
12/2016,Isolante Tipo A,SUDESTE,RJ,929000
12/2016,Isolante Tipo A,SUDESTE,RJ,65381
12/2016,Isolante Tipo A,SUDESTE,SP,97984
12/2016,Isolante Tipo A,SUDESTE,SP,36808
12/2016,Isolante Tipo B,SUDESTE,SP,160
12/2016,Isolante Tipo B,SUDESTE,SP,68991
12/2016,Isolante Tipo B,SUDESTE,SP,14
12/2016,Óleos Lubrificantes Marítimos,SUDESTE,RJ,2368108
12/2016,Óleos Lubrificantes Marítimos,SUDESTE,RJ,290895
12/2016,Óleos Lubrificantes Marítimos,SUDESTE,SP,167072
12/2016,Óleos Lubrificantes Marítimos,SUDESTE,SP,103540
12/2016,Óleos Lubrificantes Ferroviários,SUDESTE,RJ,1110262
12/2016,Óleos Lubrificantes Ferroviários,SUDESTE,RJ,158047
12/2016,Ciclo Otto,NORTE,AM,58784
12/2016,Ciclo Otto,NORDESTE,BA,506990
12/2016,Ciclo Otto,SUDESTE,MG,4285165
12/2016,Ciclo Otto,SUDESTE,MG,6715
12/2016,Ciclo Otto,CENTRO OESTE,MS,102741
12/2016,Ciclo Otto,SUL,PR,478035
12/2016,Ciclo Otto,SUDESTE,RJ,32438977
12/2016,Ciclo Otto,SUDESTE,RJ,7712554
12/2016,Ciclo Otto,SUL,RS,3336
12/2016,Ciclo Otto,SUDESTE,SP,264
12/2016,Ciclo Otto,SUDESTE,SP,4006573
12/2016,Ciclo Otto,SUDESTE,SP,96979
12/2016,Ciclo Diesel,NORTE,AM,54464
12/2016,Ciclo Diesel,NORDESTE,BA,191114
12/2016,Ciclo Diesel,SUDESTE,MG,2370233
12/2016,Ciclo Diesel,SUDESTE,MG,14328
12/2016,Ciclo Diesel,CENTRO OESTE,MS,27660
12/2016,Ciclo Diesel,CENTRO OESTE,MT,2960
12/2016,Ciclo Diesel,SUL,PR,193333
12/2016,Ciclo Diesel,SUDESTE,RJ,25697984
12/2016,Ciclo Diesel,SUDESTE,RJ,3998984
12/2016,Ciclo Diesel,SUL,RS,5248
12/2016,Ciclo Diesel,SUDESTE,SP,3276
12/2016,Ciclo Diesel,SUDESTE,SP,1547291
12/2016,Ciclo Diesel,SUDESTE,SP,157220
12/2016,Motores 2 tempos,NORDESTE,BA,488
12/2016,Motores 2 tempos,SUDESTE,MG,7404
12/2016,Motores 2 tempos,SUL,PR,11475
12/2016,Motores 2 tempos,SUDESTE,RJ,836340
12/2016,Motores 2 tempos,SUDESTE,RJ,84848
12/2016,Motores 2 tempos,SUDESTE,SP,55176
12/2016,TRANSMISSÕES E SISTEMAS HIDRÁULICOS,NORTE,AM,19020
12/2016,TRANSMISSÕES E SISTEMAS HIDRÁULICOS,NORDESTE,BA,144924
12/2016,TRANSMISSÕES E SISTEMAS HIDRÁULICOS,SUDESTE,MG,2651302
12/2016,TRANSMISSÕES E SISTEMAS HIDRÁULICOS,SUDESTE,MG,20325
12/2016,TRANSMISSÕES E SISTEMAS HIDRÁULICOS,SUL,PR,234704
12/2016,TRANSMISSÕES E SISTEMAS HIDRÁULICOS,SUL,PR,10600
12/2016,TRANSMISSÕES E SISTEMAS HIDRÁULICOS,SUDESTE,RJ,19105069
12/2016,TRANSMISSÕES E SISTEMAS HIDRÁULICOS,SUDESTE,RJ,5266210
12/2016,TRANSMISSÕES E SISTEMAS HIDRÁULICOS,SUL,RS,33945
12/2016,TRANSMISSÕES E SISTEMAS HIDRÁULICOS,SUDESTE,SP,395
12/2016,TRANSMISSÕES E SISTEMAS HIDRÁULICOS,SUDESTE,SP,1873992
12/2016,TRANSMISSÕES E SISTEMAS HIDRÁULICOS,SUDESTE,SP,285478
12/2016,Outros Óleos Lubrificantes Acabados,NORDESTE,BA,12799
12/2016,Outros Óleos Lubrificantes Acabados,SUDESTE,MG,1395984
12/2016,Outros Óleos Lubrificantes Acabados,SUDESTE,MG,78775
12/2016,Outros Óleos Lubrificantes Acabados,CENTRO OESTE,MS,10092
12/2016,Outros Óleos Lubrificantes Acabados,CENTRO OESTE,MT,5908
12/2016,Outros Óleos Lubrificantes Acabados,SUL,PR,116200
12/2016,Outros Óleos Lubrificantes Acabados,SUDESTE,RJ,5362149
12/2016,Outros Óleos Lubrificantes Acabados,SUDESTE,RJ,639913
12/2016,Outros Óleos Lubrificantes Acabados,SUL,RS,230688
12/2016,Outros Óleos Lubrificantes Acabados,SUDESTE,SP,346365
12/2016,Outros Óleos Lubrificantes Acabados,SUDESTE,SP,10460959
12/2016,Outros Óleos Lubrificantes Acabados,SUDESTE,SP,5279480
11/2016,ENGRENAGENS E SISTEMAS CIRCULATÓRIOS,NORDESTE,BA,61402
11/2016,ENGRENAGENS E SISTEMAS CIRCULATÓRIOS,SUDESTE,MG,120207
11/2016,ENGRENAGENS E SISTEMAS CIRCULATÓRIOS,SUDESTE,MG,8520
11/2016,ENGRENAGENS E SISTEMAS CIRCULATÓRIOS,CENTRO OESTE,MS,2780
11/2016,ENGRENAGENS E SISTEMAS CIRCULATÓRIOS,SUL,PR,3123
11/2016,ENGRENAGENS E SISTEMAS CIRCULATÓRIOS,SUDESTE,RJ,3154328
11/2016,ENGRENAGENS E SISTEMAS CIRCULATÓRIOS,SUDESTE,RJ,516974
11/2016,ENGRENAGENS E SISTEMAS CIRCULATÓRIOS,SUL,RS,77056
11/2016,ENGRENAGENS E SISTEMAS CIRCULATÓRIOS,SUDESTE,SP,777191
11/2016,ENGRENAGENS E SISTEMAS CIRCULATÓRIOS,SUDESTE,SP,241647
11/2016,Isolante Tipo A,SUDESTE,RJ,1042000
11/2016,Isolante Tipo A,SUDESTE,RJ,200079
11/2016,Isolante Tipo A,SUDESTE,SP,220
11/2016,Isolante Tipo A,SUDESTE,SP,146660
11/2016,Isolante Tipo A,SUDESTE,SP,4283
11/2016,Isolante Tipo B,SUDESTE,SP,178301
11/2016,Isolante Tipo B,SUDESTE,SP,158
11/2016,Óleos Lubrificantes Marítimos,SUDESTE,RJ,3259960
11/2016,Óleos Lubrificantes Marítimos,SUDESTE,RJ,694121
11/2016,Óleos Lubrificantes Marítimos,SUDESTE,SP,84364
11/2016,Óleos Lubrificantes Marítimos,SUDESTE,SP,47248
11/2016,Óleos Lubrificantes Ferroviários,SUDESTE,RJ,908123
11/2016,Óleos Lubrificantes Ferroviários,SUDESTE,RJ,118232
11/2016,Ciclo Otto,NORTE,AM,39664
11/2016,Ciclo Otto,NORDESTE,BA,262367
11/2016,Ciclo Otto,SUDESTE,MG,3752400
11/2016,Ciclo Otto,SUDESTE,MG,26624
11/2016,Ciclo Otto,CENTRO OESTE,MS,58710
11/2016,Ciclo Otto,CENTRO OESTE,MT,11640
11/2016,Ciclo Otto,SUL,PR,457446
11/2016,Ciclo Otto,SUDESTE,RJ,30222013
11/2016,Ciclo Otto,SUDESTE,RJ,7663116
11/2016,Ciclo Otto,SUL,RS,6334
11/2016,Ciclo Otto,SUDESTE,SP,3465
11/2016,Ciclo Otto,SUDESTE,SP,4051019
11/2016,Ciclo Otto,SUDESTE,SP,251184
11/2016,Ciclo Diesel,NORTE,AM,71016
11/2016,Ciclo Diesel,NORDESTE,BA,104555
11/2016,Ciclo Diesel,SUDESTE,MG,2105973
11/2016,Ciclo Diesel,SUDESTE,MG,17008
11/2016,Ciclo Diesel,CENTRO OESTE,MS,35467
11/2016,Ciclo Diesel,CENTRO OESTE,MT,4060
11/2016,Ciclo Diesel,SUL,PR,142204
11/2016,Ciclo Diesel,SUDESTE,RJ,24546363
11/2016,Ciclo Diesel,SUDESTE,RJ,3903234
11/2016,Ciclo Diesel,SUDESTE,SP,736
11/2016,Ciclo Diesel,SUDESTE,SP,2028461
11/2016,Ciclo Diesel,SUDESTE,SP,582787
11/2016,Motores 2 tempos,NORTE,AM,8760
11/2016,Motores 2 tempos,NORDESTE,BA,783
11/2016,Motores 2 tempos,SUDESTE,MG,24
11/2016,Motores 2 tempos,CENTRO OESTE,MS,20
11/2016,Motores 2 tempos,SUL,PR,497
11/2016,Motores 2 tempos,SUDESTE,RJ,760917
11/2016,Motores 2 tempos,SUDESTE,RJ,61744
11/2016,Motores 2 tempos,SUDESTE,SP,152174
11/2016,Motores 2 tempos,SUDESTE,SP,720
11/2016,TRANSMISSÕES E SISTEMAS HIDRÁULICOS,NORTE,AM,73620
11/2016,TRANSMISSÕES E SISTEMAS HIDRÁULICOS,NORDESTE,BA,148571
11/2016,TRANSMISSÕES E SISTEMAS HIDRÁULICOS,SUDESTE,MG,2901974
11/2016,TRANSMISSÕES E SISTEMAS HIDRÁULICOS,SUDESTE,MG,27554
11/2016,TRANSMISSÕES E SISTEMAS HIDRÁULICOS,SUL,PR,412608
11/2016,TRANSMISSÕES E SISTEMAS HIDRÁULICOS,SUDESTE,RJ,19782378
11/2016,TRANSMISSÕES E SISTEMAS HIDRÁULICOS,SUDESTE,RJ,3335393
11/2016,TRANSMISSÕES E SISTEMAS HIDRÁULICOS,SUL,RS,34284
11/2016,TRANSMISSÕES E SISTEMAS HIDRÁULICOS,SUDESTE,SP,2694
11/2016,TRANSMISSÕES E SISTEMAS HIDRÁULICOS,SUDESTE,SP,2482703
11/2016,TRANSMISSÕES E SISTEMAS HIDRÁULICOS,SUDESTE,SP,560956
11/2016,Outros Óleos Lubrificantes Acabados,NORDESTE,BA,25280
11/2016,Outros Óleos Lubrificantes Acabados,SUDESTE,MG,1349590
11/2016,Outros Óleos Lubrificantes Acabados,SUDESTE,MG,36960
11/2016,Outros Óleos Lubrificantes Acabados,CENTRO OESTE,MS,14880
11/2016,Outros Óleos Lubrificantes Acabados,CENTRO OESTE,MT,18724
11/2016,Outros Óleos Lubrificantes Acabados,SUL,PR,232831
11/2016,Outros Óleos Lubrificantes Acabados,SUDESTE,RJ,4894167
11/2016,Outros Óleos Lubrificantes Acabados,SUDESTE,RJ,799113
11/2016,Outros Óleos Lubrificantes Acabados,SUL,RS,203945
11/2016,Outros Óleos Lubrificantes Acabados,SUDESTE,SP,350096
11/2016,Outros Óleos Lubrificantes Acabados,SUDESTE,SP,47691973
11/2016,Outros Óleos Lubrificantes Acabados,SUDESTE,SP,45165279
10/2016,ENGRENAGENS E SISTEMAS CIRCULATÓRIOS,NORDESTE,BA,51326
10/2016,ENGRENAGENS E SISTEMAS CIRCULATÓRIOS,SUDESTE,MG,89798
10/2016,ENGRENAGENS E SISTEMAS CIRCULATÓRIOS,SUDESTE,MG,20
10/2016,ENGRENAGENS E SISTEMAS CIRCULATÓRIOS,CENTRO OESTE,MS,2840
10/2016,ENGRENAGENS E SISTEMAS CIRCULATÓRIOS,CENTRO OESTE,MT,3260
10/2016,ENGRENAGENS E SISTEMAS CIRCULATÓRIOS,SUL,PR,6295
10/2016,ENGRENAGENS E SISTEMAS CIRCULATÓRIOS,SUDESTE,RJ,2941840
10/2016,ENGRENAGENS E SISTEMAS CIRCULATÓRIOS,SUDESTE,RJ,476619
10/2016,ENGRENAGENS E SISTEMAS CIRCULATÓRIOS,SUL,RS,106195
10/2016,ENGRENAGENS E SISTEMAS CIRCULATÓRIOS,SUDESTE,SP,2460
10/2016,ENGRENAGENS E SISTEMAS CIRCULATÓRIOS,SUDESTE,SP,1058264
10/2016,ENGRENAGENS E SISTEMAS CIRCULATÓRIOS,SUDESTE,SP,255969
10/2016,Isolante Tipo A,SUDESTE,MG,200
10/2016,Isolante Tipo A,SUDESTE,RJ,520400
10/2016,Isolante Tipo A,SUDESTE,RJ,89515
10/2016,Isolante Tipo A,SUDESTE,SP,1245
10/2016,Isolante Tipo A,SUDESTE,SP,124477
10/2016,Isolante Tipo A,SUDESTE,SP,3807
10/2016,Isolante Tipo B,SUDESTE,SP,1660
10/2016,Isolante Tipo B,SUDESTE,SP,69749
10/2016,Isolante Tipo B,SUDESTE,SP,16
10/2016,Óleos Lubrificantes Marítimos,CENTRO OESTE,MS,1500
10/2016,Óleos Lubrificantes Marítimos,SUDESTE,RJ,2506370
10/2016,Óleos Lubrificantes Marítimos,SUDESTE,RJ,396444
10/2016,Óleos Lubrificantes Marítimos,SUDESTE,SP,96508
10/2016,Óleos Lubrificantes Marítimos,SUDESTE,SP,48848
10/2016,Óleos Lubrificantes Ferroviários,SUDESTE,RJ,1062051
10/2016,Óleos Lubrificantes Ferroviários,SUDESTE,RJ,83447
10/2016,Ciclo Otto,NORTE,AM,26856
10/2016,Ciclo Otto,NORDESTE,BA,219302
10/2016,Ciclo Otto,SUDESTE,MG,3976012
10/2016,Ciclo Otto,SUDESTE,MG,3408
10/2016,Ciclo Otto,CENTRO OESTE,MS,43811
10/2016,Ciclo Otto,CENTRO OESTE,MT,1176
10/2016,Ciclo Otto,SUL,PR,466809
10/2016,Ciclo Otto,SUDESTE,RJ,29748422
10/2016,Ciclo Otto,SUDESTE,RJ,7216063
10/2016,Ciclo Otto,SUL,RS,1140
10/2016,Ciclo Otto,SUDESTE,SP,8140
10/2016,Ciclo Otto,SUDESTE,SP,4312590
10/2016,Ciclo Otto,SUDESTE,SP,184388
10/2016,Ciclo Diesel,NORTE,AM,9780
10/2016,Ciclo Diesel,NORDESTE,BA,85532
10/2016,Ciclo Diesel,SUDESTE,MG,2094893
10/2016,Ciclo Diesel,SUDESTE,MG,2640
10/2016,Ciclo Diesel,CENTRO OESTE,MS,32781
10/2016,Ciclo Diesel,CENTRO OESTE,MT,10140
10/2016,Ciclo Diesel,SUL,PR,174671
10/2016,Ciclo Diesel,SUDESTE,RJ,24383321
10/2016,Ciclo Diesel,SUDESTE,RJ,3479300
10/2016,Ciclo Diesel,SUL,RS,1736
10/2016,Ciclo Diesel,SUDESTE,SP,1152
10/2016,Ciclo Diesel,SUDESTE,SP,2001339
10/2016,Ciclo Diesel,SUDESTE,SP,414457
10/2016,Motores 2 tempos,NORTE,AM,1944
10/2016,Motores 2 tempos,NORDESTE,BA,605
10/2016,Motores 2 tempos,SUDESTE,MG,42960
10/2016,Motores 2 tempos,SUL,PR,5910
10/2016,Motores 2 tempos,SUDESTE,RJ,600871
10/2016,Motores 2 tempos,SUDESTE,RJ,13156
10/2016,Motores 2 tempos,SUL,RS,2190
10/2016,Motores 2 tempos,SUDESTE,SP,83379
10/2016,Motores 2 tempos,SUDESTE,SP,1488
10/2016,TRANSMISSÕES E SISTEMAS HIDRÁULICOS,NORTE,AM,19020
10/2016,TRANSMISSÕES E SISTEMAS HIDRÁULICOS,NORDESTE,BA,133983
10/2016,TRANSMISSÕES E SISTEMAS HIDRÁULICOS,SUDESTE,MG,3356421
10/2016,TRANSMISSÕES E SISTEMAS HIDRÁULICOS,SUDESTE,MG,49902
10/2016,TRANSMISSÕES E SISTEMAS HIDRÁULICOS,SUL,PR,470496
10/2016,TRANSMISSÕES E SISTEMAS HIDRÁULICOS,SUL,PR,39592
10/2016,TRANSMISSÕES E SISTEMAS HIDRÁULICOS,SUDESTE,RJ,22029053
10/2016,TRANSMISSÕES E SISTEMAS HIDRÁULICOS,SUDESTE,RJ,5059949
10/2016,TRANSMISSÕES E SISTEMAS HIDRÁULICOS,SUL,RS,46579
10/2016,TRANSMISSÕES E SISTEMAS HIDRÁULICOS,SUDESTE,SP,2055
10/2016,TRANSMISSÕES E SISTEMAS HIDRÁULICOS,SUDESTE,SP,2991887
10/2016,TRANSMISSÕES E SISTEMAS HIDRÁULICOS,SUDESTE,SP,710548
10/2016,Outros Óleos Lubrificantes Acabados,NORDESTE,BA,8344
10/2016,Outros Óleos Lubrificantes Acabados,SUDESTE,MG,1411295
10/2016,Outros Óleos Lubrificantes Acabados,SUDESTE,MG,44167
10/2016,Outros Óleos Lubrificantes Acabados,CENTRO OESTE,MS,9980
10/2016,Outros Óleos Lubrificantes Acabados,CENTRO OESTE,MT,13204
10/2016,Outros Óleos Lubrificantes Acabados,SUL,PR,230487
10/2016,Outros Óleos Lubrificantes Acabados,SUDESTE,RJ,5869778
10/2016,Outros Óleos Lubrificantes Acabados,SUDESTE,RJ,672393
10/2016,Outros Óleos Lubrificantes Acabados,SUL,RS,14509
10/2016,Outros Óleos Lubrificantes Acabados,SUDESTE,SP,250191
10/2016,Outros Óleos Lubrificantes Acabados,SUDESTE,SP,48701627
10/2016,Outros Óleos Lubrificantes Acabados,SUDESTE,SP,42709905
09/2016,ENGRENAGENS E SISTEMAS CIRCULATÓRIOS,NORDESTE,BA,49425
09/2016,ENGRENAGENS E SISTEMAS CIRCULATÓRIOS,SUDESTE,MG,112698
09/2016,ENGRENAGENS E SISTEMAS CIRCULATÓRIOS,SUDESTE,MG,480
09/2016,ENGRENAGENS E SISTEMAS CIRCULATÓRIOS,CENTRO OESTE,MS,2000
09/2016,ENGRENAGENS E SISTEMAS CIRCULATÓRIOS,SUL,PR,5663
09/2016,ENGRENAGENS E SISTEMAS CIRCULATÓRIOS,SUDESTE,RJ,3611566
09/2016,ENGRENAGENS E SISTEMAS CIRCULATÓRIOS,SUDESTE,RJ,812647
09/2016,ENGRENAGENS E SISTEMAS CIRCULATÓRIOS,SUL,RS,139906
09/2016,ENGRENAGENS E SISTEMAS CIRCULATÓRIOS,SUDESTE,SP,3485
09/2016,ENGRENAGENS E SISTEMAS CIRCULATÓRIOS,SUDESTE,SP,887796
09/2016,ENGRENAGENS E SISTEMAS CIRCULATÓRIOS,SUDESTE,SP,152101
09/2016,Isolante Tipo A,SUDESTE,RJ,1271000
09/2016,Isolante Tipo A,SUDESTE,RJ,261536
09/2016,Isolante Tipo A,SUDESTE,SP,5425
09/2016,Isolante Tipo A,SUDESTE,SP,14154
09/2016,Isolante Tipo B,SUDESTE,SP,48962
09/2016,Isolante Tipo B,SUDESTE,SP,16
09/2016,Óleos Lubrificantes Marítimos,SUDESTE,RJ,2553033
09/2016,Óleos Lubrificantes Marítimos,SUDESTE,RJ,684186
09/2016,Óleos Lubrificantes Marítimos,SUDESTE,SP,79788
09/2016,Óleos Lubrificantes Marítimos,SUDESTE,SP,33376
09/2016,Óleos Lubrificantes Ferroviários,SUDESTE,RJ,1511081
09/2016,Óleos Lubrificantes Ferroviários,SUDESTE,RJ,162633
09/2016,Ciclo Otto,NORTE,AM,63072
09/2016,Ciclo Otto,NORDESTE,BA,281870
09/2016,Ciclo Otto,SUDESTE,MG,4017010
09/2016,Ciclo Otto,SUDESTE,MG,13896
09/2016,Ciclo Otto,CENTRO OESTE,MS,55015
09/2016,Ciclo Otto,CENTRO OESTE,MT,7944
09/2016,Ciclo Otto,NORTE,PA,200
09/2016,Ciclo Otto,NORTE,PA,200
09/2016,Ciclo Otto,SUL,PR,582000
09/2016,Ciclo Otto,SUDESTE,RJ,31420354
09/2016,Ciclo Otto,SUDESTE,RJ,7519096
09/2016,Ciclo Otto,SUL,RS,4484
09/2016,Ciclo Otto,SUDESTE,SP,3136
09/2016,Ciclo Otto,SUDESTE,SP,4430344
09/2016,Ciclo Otto,SUDESTE,SP,133488
09/2016,Ciclo Diesel,NORTE,AM,80952
09/2016,Ciclo Diesel,NORDESTE,BA,106711
09/2016,Ciclo Diesel,SUDESTE,MG,2584352
09/2016,Ciclo Diesel,SUDESTE,MG,35408
09/2016,Ciclo Diesel,CENTRO OESTE,MS,24104
09/2016,Ciclo Diesel,CENTRO OESTE,MT,7992
09/2016,Ciclo Diesel,SUL,PR,143223
09/2016,Ciclo Diesel,SUL,PR,99277
09/2016,Ciclo Diesel,SUDESTE,RJ,29293872
09/2016,Ciclo Diesel,SUDESTE,RJ,6705559
09/2016,Ciclo Diesel,SUL,RS,1820
09/2016,Ciclo Diesel,SUDESTE,SP,2480
09/2016,Ciclo Diesel,SUDESTE,SP,2177884
09/2016,Ciclo Diesel,SUDESTE,SP,456868
09/2016,Motores 2 tempos,NORDESTE,BA,220
09/2016,Motores 2 tempos,SUDESTE,MG,24564
09/2016,Motores 2 tempos,SUL,PR,5181
09/2016,Motores 2 tempos,SUDESTE,RJ,1321729
09/2016,Motores 2 tempos,SUDESTE,RJ,294568
09/2016,Motores 2 tempos,SUDESTE,SP,72797
09/2016,Motores 2 tempos,SUDESTE,SP,120
09/2016,TRANSMISSÕES E SISTEMAS HIDRÁULICOS,NORTE,AM,40756
09/2016,TRANSMISSÕES E SISTEMAS HIDRÁULICOS,NORDESTE,BA,165265
09/2016,TRANSMISSÕES E SISTEMAS HIDRÁULICOS,SUDESTE,MG,3571123
09/2016,TRANSMISSÕES E SISTEMAS HIDRÁULICOS,SUDESTE,MG,32980
09/2016,TRANSMISSÕES E SISTEMAS HIDRÁULICOS,SUL,PR,401527
09/2016,TRANSMISSÕES E SISTEMAS HIDRÁULICOS,SUDESTE,RJ,22788014
09/2016,TRANSMISSÕES E SISTEMAS HIDRÁULICOS,SUDESTE,RJ,3360413
09/2016,TRANSMISSÕES E SISTEMAS HIDRÁULICOS,SUL,RS,59878
09/2016,TRANSMISSÕES E SISTEMAS HIDRÁULICOS,SUDESTE,SP,1215
09/2016,TRANSMISSÕES E SISTEMAS HIDRÁULICOS,SUDESTE,SP,2472063
09/2016,TRANSMISSÕES E SISTEMAS HIDRÁULICOS,SUDESTE,SP,180747
09/2016,Outros Óleos Lubrificantes Acabados,NORDESTE,BA,12375
09/2016,Outros Óleos Lubrificantes Acabados,SUDESTE,MG,1365444
09/2016,Outros Óleos Lubrificantes Acabados,SUDESTE,MG,58909
09/2016,Outros Óleos Lubrificantes Acabados,CENTRO OESTE,MS,20588
09/2016,Outros Óleos Lubrificantes Acabados,CENTRO OESTE,MT,23968
09/2016,Outros Óleos Lubrificantes Acabados,SUL,PR,205583
09/2016,Outros Óleos Lubrificantes Acabados,SUDESTE,RJ,7129830
09/2016,Outros Óleos Lubrificantes Acabados,SUDESTE,RJ,566826
09/2016,Outros Óleos Lubrificantes Acabados,SUL,RS,21025
09/2016,Outros Óleos Lubrificantes Acabados,SUDESTE,SP,166513
09/2016,Outros Óleos Lubrificantes Acabados,SUDESTE,SP,11294382
09/2016,Outros Óleos Lubrificantes Acabados,SUDESTE,SP,40640435
08/2016,ENGRENAGENS E SISTEMAS CIRCULATÓRIOS,NORDESTE,BA,41715
08/2016,ENGRENAGENS E SISTEMAS CIRCULATÓRIOS,SUDESTE,MG,102100
08/2016,ENGRENAGENS E SISTEMAS CIRCULATÓRIOS,SUDESTE,MG,2940
08/2016,ENGRENAGENS E SISTEMAS CIRCULATÓRIOS,CENTRO OESTE,MS,11800
08/2016,ENGRENAGENS E SISTEMAS CIRCULATÓRIOS,SUL,PR,24136
08/2016,ENGRENAGENS E SISTEMAS CIRCULATÓRIOS,SUDESTE,RJ,3172045
08/2016,ENGRENAGENS E SISTEMAS CIRCULATÓRIOS,SUDESTE,RJ,569064
08/2016,ENGRENAGENS E SISTEMAS CIRCULATÓRIOS,SUL,RS,8155
08/2016,ENGRENAGENS E SISTEMAS CIRCULATÓRIOS,SUDESTE,SP,1052211
08/2016,ENGRENAGENS E SISTEMAS CIRCULATÓRIOS,SUDESTE,SP,126206
08/2016,Isolante Tipo A,SUDESTE,MG,200
08/2016,Isolante Tipo A,SUDESTE,RJ,492000
08/2016,Isolante Tipo A,SUDESTE,RJ,55538
08/2016,Isolante Tipo A,SUDESTE,SP,89095
08/2016,Isolante Tipo A,SUDESTE,SP,86631
08/2016,Isolante Tipo B,SUDESTE,SP,93467
08/2016,Isolante Tipo B,SUDESTE,SP,9
08/2016,Óleos Lubrificantes Marítimos,SUDESTE,RJ,2492009
08/2016,Óleos Lubrificantes Marítimos,SUDESTE,RJ,604257
08/2016,Óleos Lubrificantes Marítimos,SUDESTE,SP,24
08/2016,Óleos Lubrificantes Marítimos,SUDESTE,SP,353494
08/2016,Óleos Lubrificantes Marítimos,SUDESTE,SP,117812
08/2016,Óleos Lubrificantes Ferroviários,SUDESTE,RJ,1510830
08/2016,Óleos Lubrificantes Ferroviários,SUDESTE,RJ,169005
08/2016,Ciclo Otto,NORTE,AM,64454
08/2016,Ciclo Otto,NORDESTE,BA,281215
08/2016,Ciclo Otto,SUDESTE,MG,4109418
08/2016,Ciclo Otto,SUDESTE,MG,7267
08/2016,Ciclo Otto,CENTRO OESTE,MS,82198
08/2016,Ciclo Otto,CENTRO OESTE,MT,8976
08/2016,Ciclo Otto,SUL,PR,638423
08/2016,Ciclo Otto,SUL,PR,111693
08/2016,Ciclo Otto,SUDESTE,RJ,29738816
08/2016,Ciclo Otto,SUDESTE,RJ,8882271
08/2016,Ciclo Otto,SUDESTE,SP,5484
08/2016,Ciclo Otto,SUDESTE,SP,4119891
08/2016,Ciclo Otto,SUDESTE,SP,175442
08/2016,Ciclo Diesel,NORTE,AM,42380
08/2016,Ciclo Diesel,NORDESTE,BA,85009
08/2016,Ciclo Diesel,SUDESTE,MG,7388866
08/2016,Ciclo Diesel,SUDESTE,MG,3400
08/2016,Ciclo Diesel,CENTRO OESTE,MS,39529
08/2016,Ciclo Diesel,CENTRO OESTE,MT,8200
08/2016,Ciclo Diesel,SUL,PR,163392
08/2016,Ciclo Diesel,SUDESTE,RJ,29065454
08/2016,Ciclo Diesel,SUDESTE,RJ,5395596
08/2016,Ciclo Diesel,SUDESTE,SP,24
08/2016,Ciclo Diesel,SUDESTE,SP,2126646
08/2016,Ciclo Diesel,SUDESTE,SP,452102
08/2016,Motores 2 tempos,NORDESTE,BA,95
08/2016,Motores 2 tempos,SUDESTE,MG,26352
08/2016,Motores 2 tempos,SUDESTE,MG,4320
08/2016,Motores 2 tempos,CENTRO OESTE,MS,1008
08/2016,Motores 2 tempos,SUL,PR,12011
08/2016,Motores 2 tempos,SUDESTE,RJ,999637
08/2016,Motores 2 tempos,SUDESTE,RJ,70539
08/2016,Motores 2 tempos,SUDESTE,SP,54707
08/2016,Motores 2 tempos,SUDESTE,SP,108
08/2016,TRANSMISSÕES E SISTEMAS HIDRÁULICOS,NORTE,AM,5808
08/2016,TRANSMISSÕES E SISTEMAS HIDRÁULICOS,NORDESTE,BA,139802
08/2016,TRANSMISSÕES E SISTEMAS HIDRÁULICOS,SUDESTE,MG,8385737
08/2016,TRANSMISSÕES E SISTEMAS HIDRÁULICOS,SUDESTE,MG,58981
08/2016,TRANSMISSÕES E SISTEMAS HIDRÁULICOS,SUL,PR,470339
08/2016,TRANSMISSÕES E SISTEMAS HIDRÁULICOS,SUDESTE,RJ,21514078
08/2016,TRANSMISSÕES E SISTEMAS HIDRÁULICOS,SUDESTE,RJ,3656626
08/2016,TRANSMISSÕES E SISTEMAS HIDRÁULICOS,SUDESTE,SP,72
08/2016,TRANSMISSÕES E SISTEMAS HIDRÁULICOS,SUDESTE,SP,2665213
08/2016,TRANSMISSÕES E SISTEMAS HIDRÁULICOS,SUDESTE,SP,287887
08/2016,Outros Óleos Lubrificantes Acabados,NORDESTE,BA,15347
08/2016,Outros Óleos Lubrificantes Acabados,SUDESTE,MG,1377444
08/2016,Outros Óleos Lubrificantes Acabados,SUDESTE,MG,17233
08/2016,Outros Óleos Lubrificantes Acabados,CENTRO OESTE,MS,10548
08/2016,Outros Óleos Lubrificantes Acabados,CENTRO OESTE,MT,20120
08/2016,Outros Óleos Lubrificantes Acabados,SUL,PR,248071
08/2016,Outros Óleos Lubrificantes Acabados,SUDESTE,RJ,7497018
08/2016,Outros Óleos Lubrificantes Acabados,SUDESTE,RJ,716481
08/2016,Outros Óleos Lubrificantes Acabados,SUL,RS,11657
08/2016,Outros Óleos Lubrificantes Acabados,SUDESTE,SP,220891
08/2016,Outros Óleos Lubrificantes Acabados,SUDESTE,SP,13955345
08/2016,Outros Óleos Lubrificantes Acabados,SUDESTE,SP,6162323
07/2016,ENGRENAGENS E SISTEMAS CIRCULATÓRIOS,NORDESTE,BA,43550
07/2016,ENGRENAGENS E SISTEMAS CIRCULATÓRIOS,SUDESTE,MG,242825
07/2016,ENGRENAGENS E SISTEMAS CIRCULATÓRIOS,SUDESTE,MG,121190
07/2016,ENGRENAGENS E SISTEMAS CIRCULATÓRIOS,CENTRO OESTE,MS,4800
07/2016,ENGRENAGENS E SISTEMAS CIRCULATÓRIOS,CENTRO OESTE,MT,400
07/2016,ENGRENAGENS E SISTEMAS CIRCULATÓRIOS,SUL,PR,3260
07/2016,ENGRENAGENS E SISTEMAS CIRCULATÓRIOS,SUDESTE,RJ,3140374
07/2016,ENGRENAGENS E SISTEMAS CIRCULATÓRIOS,SUDESTE,RJ,766235
07/2016,ENGRENAGENS E SISTEMAS CIRCULATÓRIOS,SUL,RS,358857
07/2016,ENGRENAGENS E SISTEMAS CIRCULATÓRIOS,SUDESTE,SP,2870
07/2016,ENGRENAGENS E SISTEMAS CIRCULATÓRIOS,SUDESTE,SP,998003
07/2016,ENGRENAGENS E SISTEMAS CIRCULATÓRIOS,SUDESTE,SP,183015
07/2016,Isolante Tipo A,SUDESTE,MG,56
07/2016,Isolante Tipo A,SUDESTE,RJ,630000
07/2016,Isolante Tipo A,SUDESTE,RJ,93792
07/2016,Isolante Tipo A,SUDESTE,SP,2188
07/2016,Isolante Tipo A,SUDESTE,SP,83699
07/2016,Isolante Tipo B,SUDESTE,SP,240168
07/2016,Óleos Lubrificantes Marítimos,CENTRO OESTE,MS,984
07/2016,Óleos Lubrificantes Marítimos,SUDESTE,RJ,2716650
07/2016,Óleos Lubrificantes Marítimos,SUDESTE,RJ,675624
07/2016,Óleos Lubrificantes Marítimos,SUDESTE,SP,360812
07/2016,Óleos Lubrificantes Marítimos,SUDESTE,SP,143188
07/2016,Óleos Lubrificantes Ferroviários,SUDESTE,RJ,1260933
07/2016,Óleos Lubrificantes Ferroviários,SUDESTE,RJ,262508
07/2016,Ciclo Otto,NORTE,AM,58008
07/2016,Ciclo Otto,NORDESTE,BA,177445
07/2016,Ciclo Otto,SUDESTE,MG,7791947
07/2016,Ciclo Otto,SUDESTE,MG,4030344
07/2016,Ciclo Otto,CENTRO OESTE,MS,80761
07/2016,Ciclo Otto,CENTRO OESTE,MT,8400
07/2016,Ciclo Otto,SUL,PR,612698
07/2016,Ciclo Otto,SUDESTE,RJ,29442884
07/2016,Ciclo Otto,SUDESTE,RJ,7572536
07/2016,Ciclo Otto,SUL,RS,7564
07/2016,Ciclo Otto,SUDESTE,SP,19045
07/2016,Ciclo Otto,SUDESTE,SP,4474996
07/2016,Ciclo Otto,SUDESTE,SP,61862
07/2016,Ciclo Diesel,NORTE,AM,57748
07/2016,Ciclo Diesel,NORDESTE,BA,83851
07/2016,Ciclo Diesel,SUDESTE,MG,4409984
07/2016,Ciclo Diesel,SUDESTE,MG,2255516
07/2016,Ciclo Diesel,CENTRO OESTE,MS,29860
07/2016,Ciclo Diesel,CENTRO OESTE,MT,5980
07/2016,Ciclo Diesel,SUL,PR,177587
07/2016,Ciclo Diesel,SUL,PR,1900
07/2016,Ciclo Diesel,SUDESTE,RJ,28971297
07/2016,Ciclo Diesel,SUDESTE,RJ,5893650
07/2016,Ciclo Diesel,SUL,RS,20200
07/2016,Ciclo Diesel,SUDESTE,SP,156
07/2016,Ciclo Diesel,SUDESTE,SP,2238089
07/2016,Ciclo Diesel,SUDESTE,SP,525185
07/2016,Motores 2 tempos,NORTE,AM,2760
07/2016,Motores 2 tempos,NORDESTE,BA,995
07/2016,Motores 2 tempos,SUDESTE,MG,31543
07/2016,Motores 2 tempos,SUDESTE,MG,19067
07/2016,Motores 2 tempos,SUL,PR,1111
07/2016,Motores 2 tempos,SUDESTE,RJ,1337042
07/2016,Motores 2 tempos,SUDESTE,RJ,128207
07/2016,Motores 2 tempos,SUDESTE,SP,52068
07/2016,Motores 2 tempos,SUDESTE,SP,1524
07/2016,TRANSMISSÕES E SISTEMAS HIDRÁULICOS,NORTE,AM,67244
07/2016,TRANSMISSÕES E SISTEMAS HIDRÁULICOS,NORDESTE,BA,109402
07/2016,TRANSMISSÕES E SISTEMAS HIDRÁULICOS,SUDESTE,MG,6472096
07/2016,TRANSMISSÕES E SISTEMAS HIDRÁULICOS,SUDESTE,MG,3426258
07/2016,TRANSMISSÕES E SISTEMAS HIDRÁULICOS,SUL,PR,314302
07/2016,TRANSMISSÕES E SISTEMAS HIDRÁULICOS,SUL,PR,125244
07/2016,TRANSMISSÕES E SISTEMAS HIDRÁULICOS,SUDESTE,RJ,22405005
07/2016,TRANSMISSÕES E SISTEMAS HIDRÁULICOS,SUDESTE,RJ,6420925
07/2016,TRANSMISSÕES E SISTEMAS HIDRÁULICOS,SUL,RS,40415
07/2016,TRANSMISSÕES E SISTEMAS HIDRÁULICOS,SUL,RS,8000
07/2016,TRANSMISSÕES E SISTEMAS HIDRÁULICOS,SUDESTE,SP,4186
07/2016,TRANSMISSÕES E SISTEMAS HIDRÁULICOS,SUDESTE,SP,2509741
07/2016,TRANSMISSÕES E SISTEMAS HIDRÁULICOS,SUDESTE,SP,307287
07/2016,Outros Óleos Lubrificantes Acabados,NORDESTE,BA,10721
07/2016,Outros Óleos Lubrificantes Acabados,SUDESTE,MG,2321385
07/2016,Outros Óleos Lubrificantes Acabados,SUDESTE,MG,1063939
07/2016,Outros Óleos Lubrificantes Acabados,CENTRO OESTE,MS,14080
07/2016,Outros Óleos Lubrificantes Acabados,CENTRO OESTE,MT,15076
07/2016,Outros Óleos Lubrificantes Acabados,SUL,PR,219655
07/2016,Outros Óleos Lubrificantes Acabados,SUDESTE,RJ,7944570
07/2016,Outros Óleos Lubrificantes Acabados,SUDESTE,RJ,2876429
07/2016,Outros Óleos Lubrificantes Acabados,SUL,RS,188983
07/2016,Outros Óleos Lubrificantes Acabados,SUDESTE,SP,231135
07/2016,Outros Óleos Lubrificantes Acabados,SUDESTE,SP,12076501
07/2016,Outros Óleos Lubrificantes Acabados,SUDESTE,SP,5959483
06/2016,ENGRENAGENS E SISTEMAS CIRCULATÓRIOS,NORDESTE,BA,21753
06/2016,ENGRENAGENS E SISTEMAS CIRCULATÓRIOS,SUDESTE,MG,278369
06/2016,ENGRENAGENS E SISTEMAS CIRCULATÓRIOS,SUDESTE,MG,139513
06/2016,ENGRENAGENS E SISTEMAS CIRCULATÓRIOS,CENTRO OESTE,MS,2600
06/2016,ENGRENAGENS E SISTEMAS CIRCULATÓRIOS,CENTRO OESTE,MT,3200
06/2016,ENGRENAGENS E SISTEMAS CIRCULATÓRIOS,SUL,PR,420
06/2016,ENGRENAGENS E SISTEMAS CIRCULATÓRIOS,SUDESTE,RJ,3653481
06/2016,ENGRENAGENS E SISTEMAS CIRCULATÓRIOS,SUDESTE,RJ,711071
06/2016,ENGRENAGENS E SISTEMAS CIRCULATÓRIOS,SUL,RS,373729
06/2016,ENGRENAGENS E SISTEMAS CIRCULATÓRIOS,SUDESTE,SP,3485
06/2016,ENGRENAGENS E SISTEMAS CIRCULATÓRIOS,SUDESTE,SP,1030978
06/2016,ENGRENAGENS E SISTEMAS CIRCULATÓRIOS,SUDESTE,SP,191857
06/2016,Isolante Tipo A,SUDESTE,RJ,466000
06/2016,Isolante Tipo A,SUDESTE,RJ,71599
06/2016,Isolante Tipo A,SUDESTE,SP,42744
06/2016,Isolante Tipo A,SUDESTE,SP,25914
06/2016,Isolante Tipo B,SUDESTE,SP,139245
06/2016,Óleos Lubrificantes Marítimos,CENTRO OESTE,MS,40
06/2016,Óleos Lubrificantes Marítimos,SUDESTE,RJ,3407500
06/2016,Óleos Lubrificantes Marítimos,SUDESTE,RJ,575041
06/2016,Óleos Lubrificantes Marítimos,SUDESTE,SP,347092
06/2016,Óleos Lubrificantes Marítimos,SUDESTE,SP,120800
06/2016,Óleos Lubrificantes Ferroviários,SUDESTE,RJ,1758338
06/2016,Óleos Lubrificantes Ferroviários,SUDESTE,RJ,280717
06/2016,Ciclo Otto,NORTE,AM,9192
06/2016,Ciclo Otto,NORDESTE,BA,174063
06/2016,Ciclo Otto,SUDESTE,MG,6869654
06/2016,Ciclo Otto,SUDESTE,MG,3322342
06/2016,Ciclo Otto,CENTRO OESTE,MS,45140
06/2016,Ciclo Otto,CENTRO OESTE,MT,8736
06/2016,Ciclo Otto,SUL,PR,334553
06/2016,Ciclo Otto,SUDESTE,RJ,31247373
06/2016,Ciclo Otto,SUDESTE,RJ,7664396
06/2016,Ciclo Otto,SUL,RS,2728
06/2016,Ciclo Otto,SUDESTE,SP,1638
06/2016,Ciclo Otto,SUDESTE,SP,4337093
06/2016,Ciclo Otto,SUDESTE,SP,80528
06/2016,Ciclo Diesel,NORTE,AM,51848
06/2016,Ciclo Diesel,NORDESTE,BA,28127
06/2016,Ciclo Diesel,SUDESTE,MG,5439064
06/2016,Ciclo Diesel,SUDESTE,MG,2747637
06/2016,Ciclo Diesel,CENTRO OESTE,MS,27512
06/2016,Ciclo Diesel,CENTRO OESTE,MT,3920
06/2016,Ciclo Diesel,SUL,PR,127107
06/2016,Ciclo Diesel,SUDESTE,RJ,27385690
06/2016,Ciclo Diesel,SUDESTE,RJ,4290790
06/2016,Ciclo Diesel,SUL,RS,1
06/2016,Ciclo Diesel,SUDESTE,SP,7248
06/2016,Ciclo Diesel,SUDESTE,SP,2348765
06/2016,Ciclo Diesel,SUDESTE,SP,388056
06/2016,Motores 2 tempos,NORDESTE,BA,835
06/2016,Motores 2 tempos,SUDESTE,MG,12550
06/2016,Motores 2 tempos,SUDESTE,MG,7162
06/2016,Motores 2 tempos,SUL,PR,19874
06/2016,Motores 2 tempos,SUDESTE,RJ,1203953
06/2016,Motores 2 tempos,SUDESTE,RJ,98973
06/2016,Motores 2 tempos,SUDESTE,SP,55138
06/2016,Motores 2 tempos,SUDESTE,SP,972
06/2016,TRANSMISSÕES E SISTEMAS HIDRÁULICOS,NORTE,AM,65392
06/2016,TRANSMISSÕES E SISTEMAS HIDRÁULICOS,NORDESTE,BA,67981
06/2016,TRANSMISSÕES E SISTEMAS HIDRÁULICOS,SUDESTE,MG,5665698
06/2016,TRANSMISSÕES E SISTEMAS HIDRÁULICOS,SUDESTE,MG,2906095
06/2016,TRANSMISSÕES E SISTEMAS HIDRÁULICOS,SUL,PR,398090
06/2016,TRANSMISSÕES E SISTEMAS HIDRÁULICOS,SUDESTE,RJ,21909939
06/2016,TRANSMISSÕES E SISTEMAS HIDRÁULICOS,SUDESTE,RJ,3222290
06/2016,TRANSMISSÕES E SISTEMAS HIDRÁULICOS,SUL,RS,50397
06/2016,TRANSMISSÕES E SISTEMAS HIDRÁULICOS,SUDESTE,SP,1000
06/2016,TRANSMISSÕES E SISTEMAS HIDRÁULICOS,SUDESTE,SP,2627103
06/2016,TRANSMISSÕES E SISTEMAS HIDRÁULICOS,SUDESTE,SP,368632
06/2016,Outros Óleos Lubrificantes Acabados,SUDESTE,MG,2748303
06/2016,Outros Óleos Lubrificantes Acabados,SUDESTE,MG,1231305
06/2016,Outros Óleos Lubrificantes Acabados,CENTRO OESTE,MS,33320
06/2016,Outros Óleos Lubrificantes Acabados,CENTRO OESTE,MT,11020
06/2016,Outros Óleos Lubrificantes Acabados,SUL,PR,249776
06/2016,Outros Óleos Lubrificantes Acabados,SUDESTE,RJ,6372061
06/2016,Outros Óleos Lubrificantes Acabados,SUDESTE,RJ,597494
06/2016,Outros Óleos Lubrificantes Acabados,SUL,RS,196789
06/2016,Outros Óleos Lubrificantes Acabados,SUDESTE,SP,189385
06/2016,Outros Óleos Lubrificantes Acabados,SUDESTE,SP,11174979
06/2016,Outros Óleos Lubrificantes Acabados,SUDESTE,SP,5988348
05/2016,ENGRENAGENS E SISTEMAS CIRCULATÓRIOS,NORTE,AM,17500
05/2016,ENGRENAGENS E SISTEMAS CIRCULATÓRIOS,NORDESTE,BA,55388
05/2016,ENGRENAGENS E SISTEMAS CIRCULATÓRIOS,SUDESTE,MG,189836
05/2016,ENGRENAGENS E SISTEMAS CIRCULATÓRIOS,SUDESTE,MG,100141
05/2016,ENGRENAGENS E SISTEMAS CIRCULATÓRIOS,CENTRO OESTE,MS,7800
05/2016,ENGRENAGENS E SISTEMAS CIRCULATÓRIOS,SUL,PR,945
05/2016,ENGRENAGENS E SISTEMAS CIRCULATÓRIOS,SUDESTE,RJ,3493237
05/2016,ENGRENAGENS E SISTEMAS CIRCULATÓRIOS,SUDESTE,RJ,701039
05/2016,ENGRENAGENS E SISTEMAS CIRCULATÓRIOS,SUL,RS,279788
05/2016,ENGRENAGENS E SISTEMAS CIRCULATÓRIOS,SUDESTE,SP,2050
05/2016,ENGRENAGENS E SISTEMAS CIRCULATÓRIOS,SUDESTE,SP,888028
05/2016,ENGRENAGENS E SISTEMAS CIRCULATÓRIOS,SUDESTE,SP,175599
05/2016,Isolante Tipo A,SUDESTE,RJ,185000
05/2016,Isolante Tipo A,SUDESTE,RJ,21167
05/2016,Isolante Tipo A,SUDESTE,SP,9880
05/2016,Isolante Tipo A,SUDESTE,SP,51758
05/2016,Isolante Tipo B,SUDESTE,SP,43921
05/2016,Isolante Tipo B,SUDESTE,SP,168446
05/2016,Óleos Lubrificantes Marítimos,CENTRO OESTE,MS,1032
05/2016,Óleos Lubrificantes Marítimos,SUDESTE,RJ,2758916
05/2016,Óleos Lubrificantes Marítimos,SUDESTE,RJ,591618
05/2016,Óleos Lubrificantes Marítimos,SUDESTE,SP,380622
05/2016,Óleos Lubrificantes Marítimos,SUDESTE,SP,123000
05/2016,Óleos Lubrificantes Ferroviários,SUDESTE,RJ,1608275
05/2016,Óleos Lubrificantes Ferroviários,SUDESTE,RJ,265753
05/2016,Ciclo Otto,NORTE,AM,28080
05/2016,Ciclo Otto,NORDESTE,BA,201936
05/2016,Ciclo Otto,SUDESTE,MG,6801542
05/2016,Ciclo Otto,SUDESTE,MG,3515320
05/2016,Ciclo Otto,CENTRO OESTE,MS,117209
05/2016,Ciclo Otto,CENTRO OESTE,MT,10896
05/2016,Ciclo Otto,SUL,PR,313641
05/2016,Ciclo Otto,SUL,PR,189684
05/2016,Ciclo Otto,SUDESTE,RJ,26268354
05/2016,Ciclo Otto,SUDESTE,RJ,7576897
05/2016,Ciclo Otto,SUL,RS,6824
05/2016,Ciclo Otto,SUDESTE,SP,3420
05/2016,Ciclo Otto,SUDESTE,SP,3976570
05/2016,Ciclo Otto,SUDESTE,SP,315897
05/2016,Ciclo Diesel,NORTE,AM,35064
05/2016,Ciclo Diesel,NORDESTE,BA,90724
05/2016,Ciclo Diesel,SUDESTE,MG,5314279
05/2016,Ciclo Diesel,SUDESTE,MG,2872682
05/2016,Ciclo Diesel,CENTRO OESTE,MS,33912
05/2016,Ciclo Diesel,CENTRO OESTE,MT,11040
05/2016,Ciclo Diesel,SUL,PR,130322
05/2016,Ciclo Diesel,SUDESTE,RJ,26438579
05/2016,Ciclo Diesel,SUDESTE,RJ,4127529
05/2016,Ciclo Diesel,SUL,RS,7940
05/2016,Ciclo Diesel,SUDESTE,SP,18639
05/2016,Ciclo Diesel,SUDESTE,SP,1807652
05/2016,Ciclo Diesel,SUDESTE,SP,134369
05/2016,Motores 2 tempos,NORDESTE,BA,594
05/2016,Motores 2 tempos,SUDESTE,MG,15324
05/2016,Motores 2 tempos,SUDESTE,MG,15324
05/2016,Motores 2 tempos,CENTRO OESTE,MS,1032
05/2016,Motores 2 tempos,CENTRO OESTE,MT,1060
05/2016,Motores 2 tempos,SUL,PR,15987
05/2016,Motores 2 tempos,SUDESTE,RJ,1157254
05/2016,Motores 2 tempos,SUDESTE,RJ,53285
05/2016,Motores 2 tempos,SUL,RS,1220
05/2016,Motores 2 tempos,SUDESTE,SP,51018
05/2016,Motores 2 tempos,SUDESTE,SP,972
05/2016,TRANSMISSÕES E SISTEMAS HIDRÁULICOS,NORTE,AM,24984
05/2016,TRANSMISSÕES E SISTEMAS HIDRÁULICOS,NORDESTE,BA,171316
05/2016,TRANSMISSÕES E SISTEMAS HIDRÁULICOS,SUDESTE,MG,7326440
05/2016,TRANSMISSÕES E SISTEMAS HIDRÁULICOS,SUDESTE,MG,3809858
05/2016,TRANSMISSÕES E SISTEMAS HIDRÁULICOS,SUL,PR,520841
05/2016,TRANSMISSÕES E SISTEMAS HIDRÁULICOS,SUDESTE,RJ,23755454
05/2016,TRANSMISSÕES E SISTEMAS HIDRÁULICOS,SUDESTE,RJ,2988950
05/2016,TRANSMISSÕES E SISTEMAS HIDRÁULICOS,SUL,RS,52376
05/2016,TRANSMISSÕES E SISTEMAS HIDRÁULICOS,SUDESTE,SP,3705
05/2016,TRANSMISSÕES E SISTEMAS HIDRÁULICOS,SUDESTE,SP,2547225
05/2016,TRANSMISSÕES E SISTEMAS HIDRÁULICOS,SUDESTE,SP,395330
05/2016,Outros Óleos Lubrificantes Acabados,NORDESTE,BA,13108
05/2016,Outros Óleos Lubrificantes Acabados,SUDESTE,MG,2966202
05/2016,Outros Óleos Lubrificantes Acabados,SUDESTE,MG,1411256
05/2016,Outros Óleos Lubrificantes Acabados,CENTRO OESTE,MS,14000
05/2016,Outros Óleos Lubrificantes Acabados,CENTRO OESTE,MT,20984
05/2016,Outros Óleos Lubrificantes Acabados,SUL,PR,124392
05/2016,Outros Óleos Lubrificantes Acabados,SUDESTE,RJ,5319126
05/2016,Outros Óleos Lubrificantes Acabados,SUDESTE,RJ,466939
05/2016,Outros Óleos Lubrificantes Acabados,SUL,RS,137983
05/2016,Outros Óleos Lubrificantes Acabados,SUDESTE,SP,175920
05/2016,Outros Óleos Lubrificantes Acabados,SUDESTE,SP,10129186
05/2016,Outros Óleos Lubrificantes Acabados,SUDESTE,SP,4906101
04/2016,ENGRENAGENS E SISTEMAS CIRCULATÓRIOS,NORDESTE,BA,69208
04/2016,ENGRENAGENS E SISTEMAS CIRCULATÓRIOS,SUDESTE,MG,150884
04/2016,ENGRENAGENS E SISTEMAS CIRCULATÓRIOS,SUDESTE,MG,68389
04/2016,ENGRENAGENS E SISTEMAS CIRCULATÓRIOS,CENTRO OESTE,MS,1800
04/2016,ENGRENAGENS E SISTEMAS CIRCULATÓRIOS,SUL,PR,2772
04/2016,ENGRENAGENS E SISTEMAS CIRCULATÓRIOS,SUDESTE,RJ,3887041
04/2016,ENGRENAGENS E SISTEMAS CIRCULATÓRIOS,SUDESTE,RJ,740969
04/2016,ENGRENAGENS E SISTEMAS CIRCULATÓRIOS,SUL,RS,189421
04/2016,ENGRENAGENS E SISTEMAS CIRCULATÓRIOS,SUDESTE,SP,5535
04/2016,ENGRENAGENS E SISTEMAS CIRCULATÓRIOS,SUDESTE,SP,976347
04/2016,ENGRENAGENS E SISTEMAS CIRCULATÓRIOS,SUDESTE,SP,191291
04/2016,Isolante Tipo A,SUDESTE,MG,35800
04/2016,Isolante Tipo A,SUDESTE,MG,24000
04/2016,Isolante Tipo A,SUDESTE,RJ,920000
04/2016,Isolante Tipo A,SUDESTE,RJ,46160
04/2016,Isolante Tipo A,SUDESTE,SP,14800
04/2016,Isolante Tipo A,SUDESTE,SP,31978
04/2016,Isolante Tipo B,SUDESTE,SP,10080
04/2016,Isolante Tipo B,SUDESTE,SP,13360
04/2016,Óleos Lubrificantes Marítimos,CENTRO OESTE,MS,1940
04/2016,Óleos Lubrificantes Marítimos,SUDESTE,RJ,2581854
04/2016,Óleos Lubrificantes Marítimos,SUDESTE,RJ,505695
04/2016,Óleos Lubrificantes Marítimos,SUDESTE,SP,219600
04/2016,Óleos Lubrificantes Marítimos,SUDESTE,SP,76000
04/2016,Óleos Lubrificantes Ferroviários,SUDESTE,RJ,1413362
04/2016,Óleos Lubrificantes Ferroviários,SUDESTE,RJ,160396
04/2016,Ciclo Otto,NORTE,AM,25537
04/2016,Ciclo Otto,NORDESTE,BA,285716
04/2016,Ciclo Otto,SUDESTE,MG,8789132
04/2016,Ciclo Otto,SUDESTE,MG,4415822
04/2016,Ciclo Otto,CENTRO OESTE,MS,56921
04/2016,Ciclo Otto,CENTRO OESTE,MT,9888
04/2016,Ciclo Otto,SUL,PR,278135
04/2016,Ciclo Otto,SUDESTE,RJ,29021764
04/2016,Ciclo Otto,SUDESTE,RJ,7587009
04/2016,Ciclo Otto,SUDESTE,SP,19528
04/2016,Ciclo Otto,SUDESTE,SP,4279715
04/2016,Ciclo Otto,SUDESTE,SP,530340
04/2016,Ciclo Diesel,NORTE,AM,36000
04/2016,Ciclo Diesel,NORDESTE,BA,94208
04/2016,Ciclo Diesel,SUDESTE,MG,4901846
04/2016,Ciclo Diesel,SUDESTE,MG,2522249
04/2016,Ciclo Diesel,CENTRO OESTE,MS,16997
04/2016,Ciclo Diesel,CENTRO OESTE,MT,5000
04/2016,Ciclo Diesel,SUL,PR,120979
04/2016,Ciclo Diesel,SUDESTE,RJ,28262323
04/2016,Ciclo Diesel,SUDESTE,RJ,3786561
04/2016,Ciclo Diesel,SUL,RS,416
04/2016,Ciclo Diesel,SUDESTE,SP,30832
04/2016,Ciclo Diesel,SUDESTE,SP,2175143
04/2016,Ciclo Diesel,SUDESTE,SP,109608
04/2016,Motores 2 tempos,NORDESTE,BA,273
04/2016,Motores 2 tempos,SUDESTE,MG,13008
04/2016,Motores 2 tempos,SUDESTE,MG,6336
04/2016,Motores 2 tempos,CENTRO OESTE,MS,2040
04/2016,Motores 2 tempos,SUL,PR,10777
04/2016,Motores 2 tempos,SUDESTE,RJ,1169157
04/2016,Motores 2 tempos,SUDESTE,RJ,112572
04/2016,Motores 2 tempos,SUL,RS,1065
04/2016,Motores 2 tempos,SUDESTE,SP,50444
04/2016,Motores 2 tempos,SUDESTE,SP,1320
04/2016,TRANSMISSÕES E SISTEMAS HIDRÁULICOS,NORTE,AM,36000
04/2016,TRANSMISSÕES E SISTEMAS HIDRÁULICOS,NORDESTE,BA,154772
04/2016,TRANSMISSÕES E SISTEMAS HIDRÁULICOS,SUDESTE,MG,6257218
04/2016,TRANSMISSÕES E SISTEMAS HIDRÁULICOS,SUDESTE,MG,3241386
04/2016,TRANSMISSÕES E SISTEMAS HIDRÁULICOS,SUL,PR,521218
04/2016,TRANSMISSÕES E SISTEMAS HIDRÁULICOS,SUL,PR,175667
04/2016,TRANSMISSÕES E SISTEMAS HIDRÁULICOS,SUDESTE,RJ,21192397
04/2016,TRANSMISSÕES E SISTEMAS HIDRÁULICOS,SUDESTE,RJ,4669269
04/2016,TRANSMISSÕES E SISTEMAS HIDRÁULICOS,SUL,RS,62170
04/2016,TRANSMISSÕES E SISTEMAS HIDRÁULICOS,SUDESTE,SP,3216
04/2016,TRANSMISSÕES E SISTEMAS HIDRÁULICOS,SUDESTE,SP,2506538
04/2016,TRANSMISSÕES E SISTEMAS HIDRÁULICOS,SUDESTE,SP,341085
04/2016,Outros Óleos Lubrificantes Acabados,NORDESTE,BA,6084
04/2016,Outros Óleos Lubrificantes Acabados,SUDESTE,MG,2200094
04/2016,Outros Óleos Lubrificantes Acabados,SUDESTE,MG,1024621
04/2016,Outros Óleos Lubrificantes Acabados,CENTRO OESTE,MS,15304
04/2016,Outros Óleos Lubrificantes Acabados,CENTRO OESTE,MT,11020
04/2016,Outros Óleos Lubrificantes Acabados,SUL,PR,110262
04/2016,Outros Óleos Lubrificantes Acabados,SUDESTE,RJ,5495459
04/2016,Outros Óleos Lubrificantes Acabados,SUDESTE,RJ,651567
04/2016,Outros Óleos Lubrificantes Acabados,SUL,RS,142095
04/2016,Outros Óleos Lubrificantes Acabados,SUDESTE,SP,239319
04/2016,Outros Óleos Lubrificantes Acabados,SUDESTE,SP,8853662
04/2016,Outros Óleos Lubrificantes Acabados,SUDESTE,SP,3684975
03/2016,ENGRENAGENS E SISTEMAS CIRCULATÓRIOS,NORDESTE,BA,36799
03/2016,ENGRENAGENS E SISTEMAS CIRCULATÓRIOS,NORDESTE,CE,17656
03/2016,ENGRENAGENS E SISTEMAS CIRCULATÓRIOS,SUDESTE,MG,255235
03/2016,ENGRENAGENS E SISTEMAS CIRCULATÓRIOS,SUDESTE,MG,129207
03/2016,ENGRENAGENS E SISTEMAS CIRCULATÓRIOS,CENTRO OESTE,MS,5020
03/2016,ENGRENAGENS E SISTEMAS CIRCULATÓRIOS,SUL,PR,6454
03/2016,ENGRENAGENS E SISTEMAS CIRCULATÓRIOS,SUDESTE,RJ,3971614
03/2016,ENGRENAGENS E SISTEMAS CIRCULATÓRIOS,SUDESTE,RJ,777193
03/2016,ENGRENAGENS E SISTEMAS CIRCULATÓRIOS,SUL,RS,332636
03/2016,ENGRENAGENS E SISTEMAS CIRCULATÓRIOS,SUDESTE,SP,2460
03/2016,ENGRENAGENS E SISTEMAS CIRCULATÓRIOS,SUDESTE,SP,1021440
03/2016,ENGRENAGENS E SISTEMAS CIRCULATÓRIOS,SUDESTE,SP,187940
03/2016,Isolante Tipo A,SUDESTE,RJ,1503000
03/2016,Isolante Tipo A,SUDESTE,RJ,145211
03/2016,Isolante Tipo A,SUDESTE,SP,10960
03/2016,Isolante Tipo A,SUDESTE,SP,38811
03/2016,Isolante Tipo B,SUDESTE,SP,24134
03/2016,Isolante Tipo B,SUDESTE,SP,31878
03/2016,Óleos Lubrificantes Marítimos,SUDESTE,RJ,3156139
03/2016,Óleos Lubrificantes Marítimos,SUDESTE,RJ,702568
03/2016,Óleos Lubrificantes Marítimos,SUDESTE,SP,386400
03/2016,Óleos Lubrificantes Marítimos,SUDESTE,SP,136000
03/2016,Óleos Lubrificantes Ferroviários,SUDESTE,RJ,1710033
03/2016,Óleos Lubrificantes Ferroviários,SUDESTE,RJ,197755
03/2016,Ciclo Otto,NORTE,AM,36000
03/2016,Ciclo Otto,NORDESTE,BA,289765
03/2016,Ciclo Otto,NORDESTE,CE,12730
03/2016,Ciclo Otto,SUDESTE,MG,8669016
03/2016,Ciclo Otto,SUDESTE,MG,4415484
03/2016,Ciclo Otto,CENTRO OESTE,MS,70310
03/2016,Ciclo Otto,CENTRO OESTE,MT,13440
03/2016,Ciclo Otto,SUL,PR,388485
03/2016,Ciclo Otto,SUDESTE,RJ,35260272
03/2016,Ciclo Otto,SUDESTE,RJ,9239692
03/2016,Ciclo Otto,SUL,RS,6800
03/2016,Ciclo Otto,SUDESTE,SP,11284
03/2016,Ciclo Otto,SUDESTE,SP,4640585
03/2016,Ciclo Otto,SUDESTE,SP,389127
03/2016,Ciclo Diesel,NORTE,AM,44996
03/2016,Ciclo Diesel,NORDESTE,BA,71965
03/2016,Ciclo Diesel,NORDESTE,CE,12900
03/2016,Ciclo Diesel,SUDESTE,MG,5092030
03/2016,Ciclo Diesel,SUDESTE,MG,2691488
03/2016,Ciclo Diesel,CENTRO OESTE,MS,32490
03/2016,Ciclo Diesel,CENTRO OESTE,MT,12984
03/2016,Ciclo Diesel,SUL,PR,157891
03/2016,Ciclo Diesel,SUDESTE,RJ,30488714
03/2016,Ciclo Diesel,SUDESTE,RJ,4405558
03/2016,Ciclo Diesel,SUL,RS,836
03/2016,Ciclo Diesel,SUDESTE,SP,3157
03/2016,Ciclo Diesel,SUDESTE,SP,2068866
03/2016,Ciclo Diesel,SUDESTE,SP,198234
03/2016,Motores 2 tempos,NORTE,AM,612
03/2016,Motores 2 tempos,NORDESTE,BA,326
03/2016,Motores 2 tempos,NORDESTE,CE,1296
03/2016,Motores 2 tempos,SUDESTE,MG,32468
03/2016,Motores 2 tempos,SUDESTE,MG,16100
03/2016,Motores 2 tempos,CENTRO OESTE,MT,1008
03/2016,Motores 2 tempos,SUL,PR,9331
03/2016,Motores 2 tempos,SUDESTE,RJ,1321565
03/2016,Motores 2 tempos,SUDESTE,RJ,100416
03/2016,Motores 2 tempos,SUDESTE,SP,40876
03/2016,Motores 2 tempos,SUDESTE,SP,528
03/2016,TRANSMISSÕES E SISTEMAS HIDRÁULICOS,NORTE,AM,27000
03/2016,TRANSMISSÕES E SISTEMAS HIDRÁULICOS,NORDESTE,BA,113133
03/2016,TRANSMISSÕES E SISTEMAS HIDRÁULICOS,NORDESTE,CE,5323
03/2016,TRANSMISSÕES E SISTEMAS HIDRÁULICOS,SUDESTE,MG,6466497
03/2016,TRANSMISSÕES E SISTEMAS HIDRÁULICOS,SUDESTE,MG,3325010
03/2016,TRANSMISSÕES E SISTEMAS HIDRÁULICOS,SUL,PR,696890
03/2016,TRANSMISSÕES E SISTEMAS HIDRÁULICOS,SUDESTE,RJ,23533481
03/2016,TRANSMISSÕES E SISTEMAS HIDRÁULICOS,SUDESTE,RJ,3668295
03/2016,TRANSMISSÕES E SISTEMAS HIDRÁULICOS,SUL,RS,47916
03/2016,TRANSMISSÕES E SISTEMAS HIDRÁULICOS,SUDESTE,SP,796
03/2016,TRANSMISSÕES E SISTEMAS HIDRÁULICOS,SUDESTE,SP,2429454
03/2016,TRANSMISSÕES E SISTEMAS HIDRÁULICOS,SUDESTE,SP,312569
03/2016,Outros Óleos Lubrificantes Acabados,NORDESTE,BA,2512
03/2016,Outros Óleos Lubrificantes Acabados,NORDESTE,CE,26561
03/2016,Outros Óleos Lubrificantes Acabados,SUDESTE,MG,17335473
03/2016,Outros Óleos Lubrificantes Acabados,SUDESTE,MG,1106083
03/2016,Outros Óleos Lubrificantes Acabados,CENTRO OESTE,MS,25024
03/2016,Outros Óleos Lubrificantes Acabados,CENTRO OESTE,MT,20448
03/2016,Outros Óleos Lubrificantes Acabados,SUL,PR,128272
03/2016,Outros Óleos Lubrificantes Acabados,SUDESTE,RJ,5522292
03/2016,Outros Óleos Lubrificantes Acabados,SUDESTE,RJ,693902
03/2016,Outros Óleos Lubrificantes Acabados,SUL,RS,138024
03/2016,Outros Óleos Lubrificantes Acabados,SUDESTE,SP,362456
03/2016,Outros Óleos Lubrificantes Acabados,SUDESTE,SP,9053197
03/2016,Outros Óleos Lubrificantes Acabados,SUDESTE,SP,3420639
02/2016,ENGRENAGENS E SISTEMAS CIRCULATÓRIOS,NORDESTE,CE,14400
02/2016,ENGRENAGENS E SISTEMAS CIRCULATÓRIOS,SUDESTE,MG,155263
02/2016,ENGRENAGENS E SISTEMAS CIRCULATÓRIOS,SUDESTE,MG,77500
02/2016,ENGRENAGENS E SISTEMAS CIRCULATÓRIOS,CENTRO OESTE,MS,4040
02/2016,ENGRENAGENS E SISTEMAS CIRCULATÓRIOS,SUL,PR,1352
02/2016,ENGRENAGENS E SISTEMAS CIRCULATÓRIOS,SUDESTE,RJ,2943824
02/2016,ENGRENAGENS E SISTEMAS CIRCULATÓRIOS,SUDESTE,RJ,464452
02/2016,ENGRENAGENS E SISTEMAS CIRCULATÓRIOS,SUL,RS,352133
02/2016,ENGRENAGENS E SISTEMAS CIRCULATÓRIOS,SUDESTE,SP,4305
02/2016,ENGRENAGENS E SISTEMAS CIRCULATÓRIOS,SUDESTE,SP,706466
02/2016,ENGRENAGENS E SISTEMAS CIRCULATÓRIOS,SUDESTE,SP,101717
02/2016,Isolante Tipo A,SUDESTE,RJ,1037161
02/2016,Isolante Tipo A,SUDESTE,RJ,101354
02/2016,Isolante Tipo A,SUDESTE,SP,1800
02/2016,Isolante Tipo A,SUDESTE,SP,29885
02/2016,Isolante Tipo B,SUDESTE,SP,24324
02/2016,Isolante Tipo B,SUDESTE,SP,29018
02/2016,Óleos Lubrificantes Marítimos,SUDESTE,RJ,3761362
02/2016,Óleos Lubrificantes Marítimos,SUDESTE,RJ,687640
02/2016,Óleos Lubrificantes Marítimos,SUDESTE,SP,301588
02/2016,Óleos Lubrificantes Marítimos,SUDESTE,SP,106200
02/2016,Óleos Lubrificantes Ferroviários,SUDESTE,RJ,1076625
02/2016,Óleos Lubrificantes Ferroviários,SUDESTE,RJ,114962
02/2016,Ciclo Otto,NORTE,AM,24384
02/2016,Ciclo Otto,NORDESTE,CE,58416
02/2016,Ciclo Otto,SUDESTE,MG,6534258
02/2016,Ciclo Otto,SUDESTE,MG,3263675
02/2016,Ciclo Otto,CENTRO OESTE,MS,77571
02/2016,Ciclo Otto,CENTRO OESTE,MT,4872
02/2016,Ciclo Otto,SUL,PR,205221
02/2016,Ciclo Otto,SUDESTE,RJ,28147403
02/2016,Ciclo Otto,SUDESTE,RJ,7289787
02/2016,Ciclo Otto,SUL,RS,4306
02/2016,Ciclo Otto,SUDESTE,SP,7152
02/2016,Ciclo Otto,SUDESTE,SP,4723344
02/2016,Ciclo Otto,SUDESTE,SP,277416
02/2016,Ciclo Diesel,NORTE,AM,16936
02/2016,Ciclo Diesel,NORDESTE,CE,63044
02/2016,Ciclo Diesel,SUDESTE,MG,4161233
02/2016,Ciclo Diesel,SUDESTE,MG,2057226
02/2016,Ciclo Diesel,CENTRO OESTE,MS,16469
02/2016,Ciclo Diesel,CENTRO OESTE,MT,8444
02/2016,Ciclo Diesel,SUL,PR,101136
02/2016,Ciclo Diesel,SUDESTE,RJ,21651937
02/2016,Ciclo Diesel,SUDESTE,RJ,3557838
02/2016,Ciclo Diesel,SUL,RS,1481
02/2016,Ciclo Diesel,SUDESTE,SP,2040
02/2016,Ciclo Diesel,SUDESTE,SP,2369120
02/2016,Ciclo Diesel,SUDESTE,SP,599995
02/2016,Motores 2 tempos,NORDESTE,CE,725
02/2016,Motores 2 tempos,SUDESTE,MG,984
02/2016,Motores 2 tempos,SUDESTE,MG,821
02/2016,Motores 2 tempos,SUL,PR,5115
02/2016,Motores 2 tempos,SUDESTE,RJ,907513
02/2016,Motores 2 tempos,SUDESTE,RJ,48572
02/2016,Motores 2 tempos,SUDESTE,SP,59018
02/2016,Motores 2 tempos,SUDESTE,SP,840
02/2016,TRANSMISSÕES E SISTEMAS HIDRÁULICOS,NORTE,AM,51816
02/2016,TRANSMISSÕES E SISTEMAS HIDRÁULICOS,NORDESTE,CE,44603
02/2016,TRANSMISSÕES E SISTEMAS HIDRÁULICOS,SUDESTE,MG,4909753
02/2016,TRANSMISSÕES E SISTEMAS HIDRÁULICOS,SUDESTE,MG,2489386
02/2016,TRANSMISSÕES E SISTEMAS HIDRÁULICOS,SUL,PR,298430
02/2016,TRANSMISSÕES E SISTEMAS HIDRÁULICOS,SUDESTE,RJ,17288613
02/2016,TRANSMISSÕES E SISTEMAS HIDRÁULICOS,SUDESTE,RJ,2711006
02/2016,TRANSMISSÕES E SISTEMAS HIDRÁULICOS,SUL,RS,37243
02/2016,TRANSMISSÕES E SISTEMAS HIDRÁULICOS,SUDESTE,SP,2024
02/2016,TRANSMISSÕES E SISTEMAS HIDRÁULICOS,SUDESTE,SP,1935833
02/2016,TRANSMISSÕES E SISTEMAS HIDRÁULICOS,SUDESTE,SP,231907
02/2016,Outros Óleos Lubrificantes Acabados,SUDESTE,MG,2154674
02/2016,Outros Óleos Lubrificantes Acabados,SUDESTE,MG,909467
02/2016,Outros Óleos Lubrificantes Acabados,CENTRO OESTE,MS,15012
02/2016,Outros Óleos Lubrificantes Acabados,CENTRO OESTE,MT,24580
02/2016,Outros Óleos Lubrificantes Acabados,SUL,PR,84156
02/2016,Outros Óleos Lubrificantes Acabados,SUDESTE,RJ,3986369
02/2016,Outros Óleos Lubrificantes Acabados,SUDESTE,RJ,558707
02/2016,Outros Óleos Lubrificantes Acabados,SUL,RS,159619
02/2016,Outros Óleos Lubrificantes Acabados,SUDESTE,SP,210372
02/2016,Outros Óleos Lubrificantes Acabados,SUDESTE,SP,8066406
02/2016,Outros Óleos Lubrificantes Acabados,SUDESTE,SP,3468735
01/2016,ENGRENAGENS E SISTEMAS CIRCULATÓRIOS,NORDESTE,CE,10920
01/2016,ENGRENAGENS E SISTEMAS CIRCULATÓRIOS,CENTRO OESTE,GO,609
01/2016,ENGRENAGENS E SISTEMAS CIRCULATÓRIOS,SUDESTE,MG,154006
01/2016,ENGRENAGENS E SISTEMAS CIRCULATÓRIOS,SUDESTE,MG,86700
01/2016,ENGRENAGENS E SISTEMAS CIRCULATÓRIOS,CENTRO OESTE,MS,2800
01/2016,ENGRENAGENS E SISTEMAS CIRCULATÓRIOS,CENTRO OESTE,MT,1060
01/2016,ENGRENAGENS E SISTEMAS CIRCULATÓRIOS,SUL,PR,4590
01/2016,ENGRENAGENS E SISTEMAS CIRCULATÓRIOS,SUDESTE,RJ,3584395
01/2016,ENGRENAGENS E SISTEMAS CIRCULATÓRIOS,SUDESTE,RJ,728753
01/2016,ENGRENAGENS E SISTEMAS CIRCULATÓRIOS,SUL,RS,426713
01/2016,ENGRENAGENS E SISTEMAS CIRCULATÓRIOS,SUDESTE,SP,205
01/2016,ENGRENAGENS E SISTEMAS CIRCULATÓRIOS,SUDESTE,SP,762346
01/2016,ENGRENAGENS E SISTEMAS CIRCULATÓRIOS,SUDESTE,SP,92187
01/2016,Isolante Tipo A,SUDESTE,RJ,1059500
01/2016,Isolante Tipo A,SUDESTE,RJ,20355
01/2016,Isolante Tipo A,SUDESTE,SP,22568
01/2016,Isolante Tipo A,SUDESTE,SP,42716
01/2016,Isolante Tipo B,SUDESTE,SP,28947
01/2016,Isolante Tipo B,SUDESTE,SP,27200
01/2016,Isolante Tipo B,SUDESTE,SP,49
01/2016,Óleos Lubrificantes para Aviação,CENTRO OESTE,GO,240
01/2016,Óleos Lubrificantes Marítimos,SUDESTE,RJ,4018293
01/2016,Óleos Lubrificantes Marítimos,SUDESTE,RJ,600798
01/2016,Óleos Lubrificantes Marítimos,SUDESTE,SP,5000
01/2016,Óleos Lubrificantes Marítimos,SUDESTE,SP,47720
01/2016,Óleos Lubrificantes Marítimos,SUDESTE,SP,21000
01/2016,Óleos Lubrificantes Ferroviários,SUDESTE,RJ,1787959
01/2016,Óleos Lubrificantes Ferroviários,SUDESTE,RJ,246879
01/2016,Ciclo Otto,NORTE,AM,35112
01/2016,Ciclo Otto,NORDESTE,CE,107268
01/2016,Ciclo Otto,CENTRO OESTE,GO,1297
01/2016,Ciclo Otto,SUDESTE,MG,7444618
01/2016,Ciclo Otto,SUDESTE,MG,3914825
01/2016,Ciclo Otto,CENTRO OESTE,MS,107586
01/2016,Ciclo Otto,CENTRO OESTE,MT,13176
01/2016,Ciclo Otto,SUL,PR,935840
01/2016,Ciclo Otto,SUDESTE,RJ,31362829
01/2016,Ciclo Otto,SUDESTE,RJ,9102857
01/2016,Ciclo Otto,SUL,RS,1536
01/2016,Ciclo Otto,SUDESTE,SP,4192685
01/2016,Ciclo Otto,SUDESTE,SP,179665
01/2016,Ciclo Diesel,NORTE,AM,53596
01/2016,Ciclo Diesel,NORDESTE,CE,21928
01/2016,Ciclo Diesel,CENTRO OESTE,GO,12210
01/2016,Ciclo Diesel,SUDESTE,MG,4720544
01/2016,Ciclo Diesel,SUDESTE,MG,2387331
01/2016,Ciclo Diesel,CENTRO OESTE,MS,36999
01/2016,Ciclo Diesel,CENTRO OESTE,MT,10460
01/2016,Ciclo Diesel,SUL,PR,106520
01/2016,Ciclo Diesel,SUDESTE,RJ,24006670
01/2016,Ciclo Diesel,SUDESTE,RJ,4641009
01/2016,Ciclo Diesel,SUDESTE,SP,2308
01/2016,Ciclo Diesel,SUDESTE,SP,1540085
01/2016,Ciclo Diesel,SUDESTE,SP,69861
01/2016,Motores 2 tempos,NORDESTE,CE,646
01/2016,Motores 2 tempos,SUDESTE,MG,39296
01/2016,Motores 2 tempos,SUDESTE,MG,31632
01/2016,Motores 2 tempos,SUL,PR,981
01/2016,Motores 2 tempos,SUDESTE,RJ,1037340
01/2016,Motores 2 tempos,SUDESTE,RJ,64807
01/2016,Motores 2 tempos,SUL,RS,3116
01/2016,Motores 2 tempos,SUDESTE,SP,60
01/2016,Motores 2 tempos,SUDESTE,SP,75677
01/2016,Motores 2 tempos,SUDESTE,SP,7762
01/2016,TRANSMISSÕES E SISTEMAS HIDRÁULICOS,NORTE,AM,44780
01/2016,TRANSMISSÕES E SISTEMAS HIDRÁULICOS,NORDESTE,CE,55908
01/2016,TRANSMISSÕES E SISTEMAS HIDRÁULICOS,CENTRO OESTE,GO,9988
01/2016,TRANSMISSÕES E SISTEMAS HIDRÁULICOS,SUDESTE,MG,4851553
01/2016,TRANSMISSÕES E SISTEMAS HIDRÁULICOS,SUDESTE,MG,2604699
01/2016,TRANSMISSÕES E SISTEMAS HIDRÁULICOS,SUL,PR,217736
01/2016,TRANSMISSÕES E SISTEMAS HIDRÁULICOS,SUDESTE,RJ,16359113
01/2016,TRANSMISSÕES E SISTEMAS HIDRÁULICOS,SUDESTE,RJ,2558744
01/2016,TRANSMISSÕES E SISTEMAS HIDRÁULICOS,SUL,RS,48600
01/2016,TRANSMISSÕES E SISTEMAS HIDRÁULICOS,SUDESTE,SP,1834591
01/2016,TRANSMISSÕES E SISTEMAS HIDRÁULICOS,SUDESTE,SP,236108
01/2016,Outros Óleos Lubrificantes Acabados,SUDESTE,MG,2236593
01/2016,Outros Óleos Lubrificantes Acabados,SUDESTE,MG,1042718
01/2016,Outros Óleos Lubrificantes Acabados,CENTRO OESTE,MS,14940
01/2016,Outros Óleos Lubrificantes Acabados,CENTRO OESTE,MT,15104
01/2016,Outros Óleos Lubrificantes Acabados,SUL,PR,138678
01/2016,Outros Óleos Lubrificantes Acabados,SUDESTE,RJ,4293307
01/2016,Outros Óleos Lubrificantes Acabados,SUDESTE,RJ,606090
01/2016,Outros Óleos Lubrificantes Acabados,SUL,RS,109397
01/2016,Outros Óleos Lubrificantes Acabados,SUDESTE,SP,262215
01/2016,Outros Óleos Lubrificantes Acabados,SUDESTE,SP,8750732
01/2016,Outros Óleos Lubrificantes Acabados,SUDESTE,SP,3121006
